id	rand	nome
1	0.222530782688409	dan
2	0.400443972321227	dan
3	0.203756471630186	dan
4	0.315806601429358	dan
5	0.502223862335086	dan
6	0.780679876916111	dan
7	0.931359753245488	dan
8	0.466591721400619	dan
9	0.485588308423758	dan
10	0.38459109608084	dan
